title,video_id
Reopening an airport terminal is harder than you might think,JA3RXeds0_g
14 science fiction stories in under 6 minutes,iQGl-ffVtaM
"After 140 years, this old technology still keeps trains safe",mzAfich6mow
"The Elie Chainwalk is safe, as long as you follow the signs",ELGWbY4xBDs
This town forgot to be a city,kBaLb1C4WAg
The top secret plan to explode a nuclear bomb in Yorkshire,ceWZslOfEjs
The giant chainmail box that stops a house dissolving,9XSzwbFCFtc
Literally just three minutes where I talk about some rocks,EfdwRRpiYGQ
How one British laboratory protects the world's chocolate,LKSTmcvEdoU
"There's a ¬£100,000 coin buried under this London building",rssBd3fX8fw
"Ten years ago, I predicted 2022. Did I get it right?",NYj3DnI81AQ
The meters-high mountain of mannequins in the Midlands,rhJWD2TMiYE
The hidden background noise that can catch criminals,e0elNU0iOMY
The Thames Barrier must never fail. Here's why it doesn't.,eY-XHAoVEeU
The world's most expensive object by weight,k7fXbdRH9v4
The town where holding fireworks over your head is a tradition,xym2R6_Qd7c
The tunnel where people pay to inhale radioactive gas,zZkusjDFlS0
This tiny railroad across the sea has an important job,NL5sRCRa7AE
Why this &quot;falling rocks&quot; sign is more important than most,o-oVXYkBwgw
"An actual, real-world use for robot dogs",PkW9wx7Kbws
The highway where trucks work like electric trains,_3P_S7pL7Yg
The shooting range where you fire over a busy road,2h1s6S4kotE
The world's only float-through McDonalds,A6F96xSoLPg
I thought the Schmid Peoplemover was impossible,A2g4u9F9i90
The world's most useful model railway,6TLcaJdsRr0
The public toll road with no speed limit,10Y-gWNJ2Sw
Three strange river crossings,KVXVNX4Crh4
Why this observatory fires lasers at satellites,vdvIY0CJaXw
I took the world's shortest flight. It was underwhelming.,dzYP01CPC6E
The Islands With Too Much Power,8UmsfXWzvEA
"I helped cover a 5,000-year-old monument with worn-out tires",hUyvk_hdMNs
How one little boat (and me) held up miles of London traffic at Tower Bridge,iitXhgif_lo
The diving gondola: a strange elevator to the ocean floor,kZ1CZh85Ugs
I tried to film a volcano and it was a complete disaster,fzfpExS_wic
"An Unedited, Rain-Soaked Ride on Claughton's Aerial Ropeway",7JTWc6jWZ9Q
"The UK's last aerial ropeway uses no power, moves 300 tonnes a day, and will be gone by 2036.",6RiYXI1Tfu4
How many robots does it take to run a grocery store?,ssZ_8cqfBlE
The Shocking New Use for Red Telephone Boxes,ecVHYg4_vZw
History forgot these old fireworks. We recreated them.,J3F2odr2MsQ
Landing at the only airport that's also a public beach,g_2SlqF0kA0
The world's last turntable ferry has a really clever design,H2ZBSFiuWIo
The Accidental Rush for Anthrax Island,suAC_PDP3Sk
The Long-Forgotten History of the British Moon Spacesuit,jYgiV4Iz7I0
I promise this story about microwaves is interesting.,2tdiKTSdE9Y
The Beach Where Lego Keeps Washing Up,3FxfXVuHRjM
Taking The Emergency Exit From A Wind Turbine,UWSckm8zTc8
England's Oldest Attraction Turns Teddy Bears To Stone,AJ38l6DX4f8
I asked an AI for video ideas for other YouTubers. It went badly.,Fw6GjAPpKuA
What Color Is My Hoodie?,HeKuX063bcs
It's like a spaceship for sharks.,LyfnoEa-P58
The Difference Between High Explosives and Low Explosives,OOWcTV2nEkU
Why Shakespeare Could Never Have Been French,dUnGvH8fUUc
"Why No-One Will Save Covehithe, The Village That Will Soon Crumble Into The Sea",OW5MlvvqGjM
Why Real Explosions Don't Look Like Movie Explosions,nqJiWbD08Yw
Why Progress Bars Don't Move Smoothly ‚ñì‚ñì‚ñì‚ñë‚ñë‚ñë‚ñë‚ñë‚ñë,iZnLZFRylbs
"I asked an AI for video ideas, and they were actually good",TfVYxnhuEdU
YouTubers have to declare ads. Why doesn't anyone else?,L-x8DYTOv7w
Why 18th-Century Firefighters Let Some Buildings Burn,sehyLDPeB6M
"Hill Hill Hill Hill, debunked, debunked",NUyXiiIGDTo
The Radioactive Beach In New York,8xD1K121mbQ
Trying To Create an AI Tom Scott (on a $100 budget),xCn03u_Jvuo
Australia's Bushfire-Hunting Satellites,99_Abbuf3cQ
Trying To Fail A Drug Test On Purpose,jt8tonZm968
"How Weird Is My Audience? I Polled 15,408 People To Find Out",dcuNq3Bw9Xs
The Greatest Title Sequence I've Ever Seen,mUF4afxMpQk
The Never-Used Road Where The BBC Crash Cars,nQOroZNr_fw
How Many Languages Are There?,qYlmFfsyLMo
Walking The Most Dangerous Path In Britain,mM7C_Pw7OL8
Why The Web Is Such A Mess,OFRjZtYs3wY
I Almost Learned To Fly A Jetpack,IsWJKyR664s
Five Things You Can't Do On British Television,m__OZ3ZsO4Y
"The Pumps That Must Run Forever, Or Part Of Germany Floods",LseK5gp66u8
My Unlicensed Hovercraft Bar Is Technically Legal,ZLF7yife8YE
It‚Äôs pronounced GIF.,N1AL2EMvVy0
The Theme Park Inside An Old Nuclear Power Plant,5te73hfCpuU
We Built A Lie-Detector Skeleton From 1927,mU2hjhw1RCs
"How Binary Search Makes Computers Much, Much Faster",KXJSjte_OAI
The Tiny Monorails That Once Carried James Bond,Irv3KJR6B80
Would You Swim In Power Plant Wastewater?,OgMXjAQ5q14
"1,204,986 Votes Decided: What Is The Best Thing?",ALy6e7GbDRQ
"Swimming Between Two Continents, Debunked",-khe6IY9bTM
"Which Is &quot;Bouba&quot;, and Which Is &quot;Kiki&quot;?",1TDIAObsqcs
Is The Most Northern Part Of Iceland Still There?,hr03xF08qoU
The Part Of Britain That Rises And Falls Twice A Day,lCA0II1sVZA
Why You Should Turn On Two Factor Authentication,hGRii5f_uSc
"For 21 Years, No-One In Britain Knew How Long An Inch Was",mmh819Lfgfs
The Village That The Luftwaffe Bombed By Mistake,3-naCd-DwvU
"A Million Dollars vs A Billion Dollars, Visualized: A Road Trip",8YUWDrLazCg
The Abandoned Hill With Two Members Of Parliament,-fXmaeDMsh0
Why You Can Spot Bad Green Screen,E5HRvQNg4pQ
"I Asked 64,182 People About ‚ÄúJingle Bells, Batman Smells‚Äù. Here's What I Found Out.",V5u9JSnAAU4
The World's First Internet Bench,nLCAvIr9rWo
How England's Oldest Road Was Nearly Lost Forever,3dYc0Ouxhx0
The Worst Typo I Ever Made,X6NJkWbM1xk
∆è: The Most Common Vowel in English,qu4zyRqILYM
Why Some &quot;Remastered&quot; Music Videos Look Awful,CkysCJBdGtw
Are There Problems That Computers Can't Solve?,eqvBaj8UYz4
The Hidden Rules of Conversation,IJEaMtNN_dM
Why This British Crossroads Was So Dangerous,SYeeTvitvFU
Why You Can't Name A File CON In Windows,bC6tngl0PTI
Abso-b‚ñà‚ñà‚ñà‚ñày-lutely: Expletive Infixation,dt22yWYX64w
"This Video Has 52,039,859 Views",BxV14h0kFs0
Why Dark Video Is A Terrible Blocky Mess,h9j89L8eQQk
YouTube's Copyright System Isn't Broken. The World's Is.,1Jwo5qc78QU
Inside The Billion-Euro Nuclear Reactor That Was Never Switched On,WUVZbBBHrI4
Why You Can't Buy Dasani Water in Britain,wD79NZroV88
Stopping A Laser Beam In Mid-Air,tozuzV5YZ7U
The Country Where All Public Transit Is Free,feCQPD9DSOA
"The Sentences Computers Can't Understand, But Humans Can",m3vIEKWrP9Q
Why The Dutch Headwind Cycling Championships Are Difficult And Amazing,VMinwf-kRlA
Why TRUE + TRUE = 2: Data Types,6otW6OXjR8c
The Bridge That's In Two Countries At The Same Time,Mw44wHG4KOc
How To Grow A Martian Salad On Earth,rBPLgtfouIs
How Neurosurgeons Navigate Inside The Brain,8Gk7EvCQGoo
Why My Teenage Code Was Terrible: Sorting Algorithms and Big O Notation,RGuJga2Gl_k
Why 2020 Started On December 30th,D3jxx8Yyw1c
Why Do We Move Our Hands When We Talk?,gGMkHzWXjI8
Why The World's Littlest Skyscraper Was A Massive Scam,xGQgmmrXONk
Why Electronic Voting Is Still A Bad Idea,LkH2r-sNjQs
Can The Words You Read Change Your Behavior?,CVAlKJbQ_gE
Is The World Running Out Of Helium?,mOy8Xjaa_o8
Why The Elevator Shaft Was Invented Before The Elevator,TL4xc5bsSUU
I Almost Learned To Fly In The World's Only Wingsuit Tunnel,DpfrGZJyKmo
How The Netherlands Simulated The Sea Before Computers: The Waterloopbos,SFkoLYrJGCM
This Video Is Sponsored By ‚ñà‚ñà‚ñà VPN,WVDQEoe6ZWY
The Giant Art That Keeps Planes Quiet,7dlLmeage2U
Why Helsinki's Library Robots Aren't Important,dPb9o3uDF_Q
The Self-Driving Race Car,39nNXdBFQhA
"Inside The Tunnels That Will Store Nuclear Waste For 100,000 Years",aoy_WJ3mE50
What Counts As The World's Shortest River?,WEGzvZ85dgs
The Toxic Pit With A $3 Admission Fee,n-Ej2EtE744
The Only Bit Of Louisiana's Coast That Isn't Sinking,zFiNmEWXPPM
"The Language Sounds That Could Exist, But Don't",9uZam0ubq-Y
I'm Not A Robot ‚úÖ,o1zNIm8GVPY
Flying A Plane With Fireworks On The Wings,HuGHV0fbBiE
The Two Generals‚Äô Problem,IP-rGJKSZ3s
Why ‚ÄúNo Problem‚Äù Can Seem Rude: Phatic Expressions,eGnH0KAXhCw
The Fetch-Execute Cycle: What's Your Computer Actually Doing?,Z5JC9Ve1sfI
How To Stop A Colossal Bridge Corroding,dLQQ1F7hplA
why typing like this is sometimes okay.,fS4X1JfX6_Q
How To Build An App: Everything You Didn't Know You Needed To Know,tO8aJ-TUtJY
The Giant Underground Tunnels Protecting Tokyo From Floods,cfJOW2PtrGk
Why You Can't Trust Me,UaGTFeibOEk
The World's First Solar Powered Train,6Y4QGFte3T8
Mr Olds‚Äô Remarkable Elevator,-fu03F-Iah8
The One-Lane Bridge Shared By Cars And Trains,sstRJcaFU9U
What Counts As The Steepest Street In The World?,0MqtTlzde0g
Testing A Zip Line That Goes Round Corners,ef1jPbezKDM
The Circle Visible From Space,VRUmt_4F_58
The First 3D Color X-Rays,cqUYYF6KmW0
The Brain-Eating Amoebas of Kerosene Creek,OQ7uq04fEjs
The Hundred-Tonne Robots That Help Keep New Zealand Running,kQ8WI3nc1l0
The Sculpture That Looks Like A Real-Life Cartoon,j9JD9W0n7gE
"Where Two Oceans Meet, Debunked",a4N4yQB_B4c
I Drove My Childhood Favorite Racing Game In Real Life,juRkaqkDfCM
The Artificial Gravity Lab,bJ_seXo-Enc
Blindfold Balancing in the Spinning Space Chair,jhQa9xLk5qk
The Library of Rare Colors,rApTzWboLrA
The Last Play-For-Cash Fascination Parlor,bOWse-Xm6Ao
The Broken Building That Must Not Be Destroyed,AtkmDmMzZO8
A Questionable Experiment in Motion Sickness,kxuwPRY8kEo
Why Denmark Is .10 Seconds Behind The World,yRz-Dl60Lfc
How Auto-Tune Works,i09V6SkVkz8
Slowing Down A Stock Exchange With 38 Miles Of Cable,d8BcCLLX4N4
I Got To See And Hold My Brain,Q7tX_B88MZk
This Is Your Brain On Stale Air,1Nh_vxpycEA
How Knot To Hang A Painting,-eVd2Ugk9BU
The Fishermen That Hold Their Breath For 10 Minutes,2F0V9MjrhXE
"Why NASA Spun Astronauts Around, But Doesn't Any More",GFWsYJ0_KMI
The Canyon That Humans Made By Accident,NQ5cf_WuJs0
Stealing Our Friend's Brain Backup PRANK (GONE WRONG!!!) ü§Øü§Øü§Ø,3L1QIJ9PQ2M
The Consequences of Your Code,LZM9YdO_QKk
Your New Social Credit Score,WByBm2SwKk8
The City of Golf Carts,pcVGqtmd2wM
The Artificial Intelligence That Deleted A Century,-JlxuQ7tPgQ
The Other Tree That Owns Itself,lyvylw5Lwx0
An American Stonehenge: The Mysterious Georgia Guidestones,YNPpB_BRZJ8
Testing The World's Longest Echo,lLUcOFwZvyY
Why Computers Can't Count Sometimes,RY_2gElt3SA
Britain's Largest Battery Is Actually A Lake,6Jx_bJgIFhI
Why Do London's Manholes Keep Exploding?,u9FVoDiuq6Q
·öõ·öà·öë·öã·öÄ·öÑ·öâ·öë·öà·öà·öú and ·öõ·öë·öå·öê·öã·öú,2yWWFLI5kFU
If Educational Videos Were Filmed Like Music Videos,G025oxyWv0E
What's The Longest Word You Can Write With Seven-Segment Displays?,zp4BMR88260
How The First Ever Telecoms Scam Worked,cPeVsniB7b0
"Wingwalking Isn't What It Used To Be, And That's A Good Thing",Trqqn2xPaY0
We Made a Banhammer (feat. NerdCubed),nyD7FMwhwxc
The Collapsible Crash Test Robot Car,cECsj2Bznig
Why You Don't Want To Go Viral,9LZEZ5QuyzM
The Quiz That Was Shared A Million Times,3tO3h9APNbM
That Time I Got In Trouble With The Government,h0AMaW4XRCI
Your Private Messages Might Travel Under This Beach,nl2mQ2HiJZc
"I Hit 3,000-Year-Old Art with a Hammer",s6kNR8Mj0ZE
Testing The Sound Mirrors That Protected Britain,04F5osXK4vw
The Nuclear Reactor Run By Students,pLBcp3nJlFQ
How The 90s VHS Look Works,h6RRNNztN5o
Stories I Can't Tell,bjl9CpAirtE
We Should Let Some Wildfires Burn,Y27lFsPEZ30
The Drink With A Human Toe In It,kHMNX3IXnvs
Watching for Nuclear Attack at the Top of the World,Et3YW_qS_1o
The New Highway to the Arctic Ocean,frhMomcKT9o
"Freezing 200,000 Tons of Lethal Arsenic Dust",E4nZDSLdIiM
Tilting an Icy Floor Until You Fall Over: WinterLab,q1oRaUTbk3k
The Town That Was Burned for Science: Aultsville,DWYthXD14pw
The US-Canada Border Splits This Road Down The Middle,EocJm3Dry4E
A Town Called Asbestos,CB3LJdMYzrQ
Keeping Aircraft Safe without Radar: The North Atlantic Tracks,vBgulDeV2RU
‚ö´ How The Black Point Message Crashes Android Apps,jC4NNUYIIdM
2¬Ω Hours of Unedited Garlic Bread Flight Footage,YKAblynZYhI
"We Sent Garlic Bread to the Edge of Space, Then Ate It",c8W-auqg024
"G-Force, Jerk, and Passing Out In A Centrifuge",DMKcO-T5Y4o
Making an International Standard Cup of Tea,nAsrsMPftOI
The US President's Bulletproof Railcar,C2NNujJKJL4
The 1940s Mermaid Show That's Still Pulling Crowds,ZrP0Mqj9U_c
How Formation Flying Works (feat. the Red Arrows!),RYGFczNMAMk
"Why European Clocks are Running Slow, and British Clocks Aren't",bij-JjzCa7o
The Moir√© Effect Lights That Guide Ships Home,d99_h30swtM
Launching An Entire Fireworks Display At Once,dabnx8VSdkE
The European City Centre With No Street Names,DSG-zxGRkJw
Making Artificial Earthquakes with a Four-Tonne Steel Ball,vxfJbW6KDp4
"Faceswapping, Unethical Videos, and Future Shock",OCLaeBAkFAY
Controlling An Airport From 80 Miles Away,Ii_Gz1WbBGA
Canada's Most Successful King,gTF8KYoJkMM
A Language Made Of Music,oyC4lLTOyL8
Sign Language Isn't Universal,viRVFxvXSss
17 Tonnes of Spinning Glass: Making the World's Largest Telescope,BP9HNVuGb-g
This Video Is 2D And 3D Simultaneously: the Pulfrich Effect,Q-v4LsbFc5c
The Null Hypothesis,KOJnOCdBr4s
How Zero-G Planes Work,FO_Ox_dH0M8
"Batman's Village of Fools: Gotham, England",YF6xzqOfCD8
Why Hold Music Sounds Worse Now,w2A8q3XIhu0
The German Town That's Literally Breaking Apart,zOgle88sKro
Is It Dangerous To Talk To A Camera While Driving?,_-aDHxoblr4
The Lava Lamps That Help Keep The Internet Secure,1cUUfMeOijg
The Story of Salvation Mountain,4JAjIjXbe3Y
"What Is Sea Level, Anyway?",YQ6vWW9BEKU
Why California's Musical Road Sounds Terrible,Ef93WmlEho0
The Reaction Ferries of Basel: What Have We Missed?,b6utGZQ9Sks
The Centuries-Old Debt That's Still Paying Interest,cfSIC8jwbQs
Rotary Jails and Accidental Amputations,-DGXHMOhXAw
How Computers Compress Text: Huffman Coding and Huffman Trees,JsTptu56GM8