video_id,title
P0fMwA3X5KI,"NVIDIA's Image Restoration AI: Almost Perfect!"
LBezOcnNJ68,"NVIDIA's AI Makes Amazing Slow-Mo Videos!"
eSaShQbUJTQ,"DeepMind's AI Takes An IQ Test!"
MvFABFWPBrw,"DeepMind Has A Superhuman Level Quake 3 AI Team!"
xHpwLiTieu4,"This is How You Hack A Neural Network"
8GUYAVXmhsI,"DeepMind's AI Learns The Piano From The Masters of The Past"
yEOEqaEgu94,"OpenAI + DOTA2: 180 Years of Learning Per Day"
2FHHuRTkr_Y,"OpenAI's Gaming AI Contest: Results"
lCoR-4OlIZI,"Style Transfer...For Smoke and Fluids!"
gnctSz2ofU4,"DeepMind's AI Learns To See"
KEdrBMZx53w,"Infinite Walking in Virtual Reality"
WMr9ljLomUI,"An AI For Image Manipulation Detection"
YTup-cvELK0,"Beautiful Layered Materials, Instantly"
Te0L5_u_wIg,"Faceforensics: This AI Detects DeepFakes!"
Nq2xvsVojVo,"Better Video Impersonations with AI"
9S2g7iixB9c,"Curiosity-Driven AI: How Effective Is It?"
SWW0nVQNm2w,"Neural Image Stitching And Morphing"
tU484zM3pDY,"NVIDIA's AI Removes Objects From Your Photos!"
EQX1wsL2TSs,"This Technique Impersonates People"
bcZFQ3f26pA,"This AI Learned To See In The Dark!"
KL6U6iasUxs,"AI-Based Large-Scale Texture Synthesis"
cnquEovq1I4,"We Taught an AI To Synthesize Materials"
wm8tK91k37U,"This Evolving AI Finds Bugs in Games"
fklY2nH7AJo,"AI Learns Painterly Harmonization"
DglrYx9F3UU,"This AI Reproduces Human Perception"
gvjCu7zszbQ,"This AI Learns From Its Dreams "
UMSNBLAfC7o,"This Robot Adapts Like Animals"
m9XyXiL6n8w,"AI Learns Real-Time 3D Face Reconstruction"
XcxzKLrCpyk,"AI Photo Translation"
GdTBqBnqhaQ,"4 Experiments Where the AI Outsmarted Its Creators!"
6FzVhIV_t3s,"Gaussian Material Synthesis (SIGGRAPH 2018)"
ni6P5KU3SDU,"Evolving Generative Adversarial Networks"
AbxPbfODGcs,"Das t√§uscht deine Sicht | Two Minute Papers # 241"
SA4YEAWVpbk,"One Pixel Attack Defeats Neural Networks"
veWkBsK0nwU,"DeepMind's AI Learns Complex Behaviors From Scratch"
oWpp1YYcCsU,"DeepMind's AI Masters Even More Atari Games"
dxOHmvTaCN4,"AI Learns Human Pose Estimation From Videos"
UPcR7S8ue1A,"AI-Based Animoji Without The iPhone X"
iBaWVuaSQ-Q,"Eine Foto verbessernde KI"
pVgC-7QTr40,"Building Blocks of AI Interpretability"
izZofvgaIig,"Why Should We Trust An AI?"
hzpxXZJQNFg,"DeepMind's WaveNet, 1000 Times Faster"
uGhyOBSzdTs,"Bubble Collision Simulations in Milliseconds"
HANeLG0l2GA,"This AI Sings"
3yOZxmlBG3Y,"Pruning Makes Faster and Smaller Neural Networks"
bdM9c2OFYuw,"Google's Text Reader AI: Almost Perfect"
pAiiPNg0kDE,"SLAC Dataset From MIT and Facebook "
WhaRsrlaXLk,"DeepMind Control Suite"
DW1AuOC9TQc,"Reinforcement Learning With Noise (OpenAI)"
FMEk8cHF-OA,"DeepMind's AI Learns Object Sounds"
uOiOhVgR3VA,"Building Machines That Learn and Think Like People"
fTBeNAu18_s,"This Autonomous Robot Models Your House Interior"
Uo6hFVRsjpA,"High-Resolution Neural Texture Synthesis"
MCHw6fUyLMY,"Efficient Viscoelastic Fluid Simulations"
_BPJFFkxSbw,"Deep Image Prior"
zjaz2mC1KhM,"Distilling Neural Networks"
XhH2Cc4thJw,"AI Learns Semantic Image Manipulation"
2ciR6rA85tg,"AlphaZero: DeepMind's New Chess AI"
YjjTPV2pXY0,"AI Learns Noise Filtering For Photorealistic Videos"
QmIM24JDE3A,"AI Beats Radiologists at Pneumonia Detection"
v1oWke0Qf1E,"Universal Neural Style Transfer"
6JZNEb5uDu4,"This Neural Network Optimizes Itself"
1zvohULpe_0,"How Do Neural Networks See The World? Pt 2."
M_eaS7X-mIw,"Meta Learning Shared Hierarchies"
6DVng5JVuhI,"Image Matting With Deep Neural Networks"
NEscK5RCtlo,"Terrain Generation With Deep Learning"
VrgYtFhVGmg,"NVIDIA's AI Dreams Up Imaginary Celebrities!"
Lcxz6dtYjI4,"Generalizing AI With Neural Task Programming"
p831XtyLA5M,"AI Competitive Self-Play"
7wt-9fjPDjQ,"Disney's AI Learns To Render Clouds"
dqxqbvyOnMY,"Video Game Graphics To Reality And Back"
mmeoUZ_wRm4,"Transferring AI To The Real World (OpenAI)"
9xlSy9F5WtE,"New DeepMind AI Beats AlphaGo 100-0"
mECv52eSjBo,"Real-Time Global Illumination With Radiance Probes"
kfJMUeQO0S0,"Learning to Model Other Minds (OpenAI)"
9BOdng9MpzU,"AI Learns 3D Face Reconstruction"
T_g6S3f0Z5I,"AI Learns Video Frame Interpolation"
WT0WtoYz2jE,"Deep Learning From Human Preferences"
2VyhmbEjs9A,"AI Learns To Recreate Computer Games"
nsuAQcvafCs,"Audio To Obama: AI Learns Lip Sync from Audio"
GNx8rgNcw5c,"Light Transport on Specular Microstructure"
Dvd1jQe3pq0,"Hindsight Experience Replay"
aR6M0MQBo2w,"Latent Space Human Face Synthesis"
14zkfDTN_qo,"DeepMind's AI Learns Locomotion From Scratch"
TItYXBoJ1sc,"What is The Best Way To Simulate Liquids?"
Mu0ew2F-SSA,"AI Learns To Improve Smoke Simulations"
bVGubOt_jLI,"Physics-based Image and Video Editing"
BjwhMDhbqAs,"AI Creates 3D Models From Images"
ZtP3gl_2kBM,"AI Creates Facial Animation From Audio"
mL3CzZcBJZU,"DeepMind's AI Learns Audio And Video Concepts By Itself"
qKhSZmS6aWw,"Photorealistic Fur With Multi-Scale Rendering"
St5lxIxYGkI,"DeepMind Publishes StarCraft II Learning Environment"
HSmm_vEVs10,"Real-Time Noise Filtering For Light Simulations"
cLC_GHZCOVQ,"OpenAI's Bot Beats DOTA World Champion Dendi"
_DN2rzHkpZE,"Verifying Mission-Critical AI Programs"
xp-YOPcjkFw,"DeepMind's AI Learns Imagination-Based Planning"
vmkqFRyNUWo,"AI Learns Semantic Style Transfer"
RygQnpQMdPI,"Elastoplastic Hair and Cloth Simulations"
6c2T2cykE_A,"Animating Elastic Rods With Sound"
343n8xwozJI,"Interactive Green-Screen Keying"
EGnbAgbRIh4,"Refocusing Videos With Neural Networks"
twWHwVaBfM8,"Phace: Physics-based Face Modeling and Animation"
7x2UvvD48Fw,"Real-Time Hair Rendering With Deep Opacity Maps"
HUFh8cEDeII,"Visualizing Fluid Flow With Clebsch Maps"
XgB3Xg5st2U,"AI Learns Visual Common Sense With New Dataset"
vzg5Qe0pTKk,"DeepMind's AI Learns Superhuman Relational Reasoning"
ldO7RD3s4_s,"Text-based Editing of Audio Narration"
oltKUPTBz9Q,"Efficient Yarn-based Cloth Simulations"
SauCsNkGr-E,"Iridescent Light Simulations"
R5t74AC6I0A,"Simulating Cuts On Virtual Bodies"
9bcbh2hC7Hw,"DeepMind's AI Creates Images From Your Sentences"
wlAgyf_e-hA,"Style Transfer For Fluid Simulations"
Fevg4aowNyc,"AI Learns To Create User Interfaces (pix2code)"
4Df_BluxwkU,"Simulating Wet Sand"
UjuBLS15JqM,"Algorithmic Beautification of Selfies"
ZEjUqZU1hNQ,"Simulating Honey Coiling"
5vpklJw7uL0,"Designing Decorative Joinery for Furniture"
jDxsGW5KUP0,"Self-Illuminating Explosions"
ugdciqeOPeM,"Simulating Liquid-Hair Interactions"
wlndIQHtiFw,"Real-Time Character Control With Phase-Functioned Neural Networks"
2vnLBb18MuQ,"Digital Creatures Learn to Navigate in 3D"
D4C1dB9UheQ,"AI Learns to Synthesize Pictures of Animals"
oleylS5XGpg,"An Efficient Scattering Material Representation"
HTUxsrO-P_8,"Deep Photo Style Transfer"
u9UUWqVquXo,"AI Creates 3D Models From Faces"
1U3YKnuMS7g,"AI Learns Geometric Descriptors From Depth Images"
8YWgar0uCF8,"Semantic Scene Completion From One Depth Image"
aAsejHZC5EE,"Real-Time Modeling and Animation of Climbing Plants"
lxNEWuO6xQk,"Controllable Fluid and Smoke Simulations"
lf3ViWEeKqc,"On-the-Fly 3D Printing While Modeling"
1SHW1-qKKpY,"Real-Time Oil Painting on Mobile"
UBORpapdAfU,"Instant 3D Floorplans From Your Photos"
wz9cUncBdxw,"Geometric Detail Transfer"
UEPbzj-ekAI,"Modeling Knitted Clothing"
n3aoc36V8LM,"Structural Image Editing With PatchMatch"
bB54Wz4kq0E,"Shape2vec: Understanding 3D Shapes With AI"
YWK-bnyXvbg,"Space-Time Video Completion"
8u3Hkbev2Gg,"Stable Neural Style Transfer"
QFu0vZgMcqk,"Breaking DeepMind's Game AI System"
brs1qCDzRdk,"Automatic Creation of Sketch Tutorials"
u7kQ5lNfUfg,"AI Makes Stunning Photos From Your Drawings (pix2pix)"
JzOc_NNY_zY,"Real-Time Fiber-Level Cloth Rendering"
ZUa5sNVSjGw,"Shape and Material from Video"
psOPu3TldgY,"Learning to Fill Holes in Images"
kf-KViOuktc,"AI Builds 3D Models From Images With a Twist"
LmYKfU5O_NA,"Digital Creatures Learn to Cooperate"
XbuEYcFfl6s,"How Do Hollywood Movies Render Smoke?"
-all65C-dh0,"Fast Photorealistic Fur and Hair With Cone Tracing"
vaFhLAbPi8w,"Game AI Development With OpenAI Universe"
WovbLx8C0yA,"Enhance! Super Resolution From Google"
Yd4blFeRTEw,"Large-Scale Fluid Simulations On Your Graphics Card"
HO1LYJb818Q,"AI Makes 3D Models From Photos"
MtWtY4DdiWs,"Text Style Transfer"
oitGRdHFNWw,"Deep Learning Program Hallucinates Videos"
7aLda2E0Yyg,"Amazing Slow Motion Videos With Optical Flow"
iOWamCtnwTc,"Neural Network Learns The Physics of Fluids and Smoke"
dQSzmngTbtw,"Stunning Video Game Graphics With Voxel Cone Tracing (VXGI)"
rAbhypxs1qQ,"Image Synthesis From Text With Deep Learning"
PMSV7CjBuZI,"Crumpling Sound Synthesis"
j7XWCCvBrwU,"3D Printing Flexible Shells For Molding"
cUWDeDRet4c,"Multiphase Fluid Simulations"
tB0AVkPDDJU,"Precomputed Deformation Simulations"
DzsZ2qMtEUE,"Sound Propagation With Bidirectional Path Tracing"
FeMSEaHR8aw,"Water Wave Simulation with Dispersion Kernels"
7JbN9vXxGYE,"3D Printing Acoustic Filters"
aMo7pkkaZ9o,"Synchronizing Animations To Sound"
4MfG9CDufPA,"Deep Learning Program Simplifies Your Drawings"
NnzzSkKKoa8,"Human Pose Estimation With Deep Learning"
QkqNzrsaxYc,"Computer Games Empower Deep Learning Research"
sWZQxB2es88,"Building a Community Around Two Minute Papers"
u9kvJbWb_1U,"How To Steal a Lost Election With Gerrymandering"
fl-7e8yBUic,"Real-Time Soft Body Dynamics for Video Games"
nK3giIsNAHg,"Generating Tangle Patterns With Grammars"
w2D5JR83pFI,"3D Printing Materials With Subsurface Scattering"
kwqme8mEgz4,"Sound Synthesis for Fluids With Bubbles"
5-xMV3sT3Tw,"3D Printing Auxetic Materials"
ZaAUFqcfDJg,"Patreon Update - New Machine!"
Mx8viOFKiIs,"Sound Propagation With Adaptive Impulse Responses"
bLFISzfQCDQ,"Estimating Matrix Rank With Neural Networks"
CqFIVCD1WWo,"WaveNet by Google DeepMind"
XmM1tF7AxdA,"Automatic Hair Modeling from One Image"
ksCSL6Ql0Yg,"StyLit, Illumination-Guided Artistic Style Transfer"
HvHZXPd0Bjs,"Interactive Hair-Solid Simulations"
cVZzkSaxKmY,"3D Printing With Filigree Patterns"
XpwW3glj2T8,"Neural Material Synthesis"
heB2tD0-r-c,"On the Complexity of Two Minute Papers"
Rdpbnd0pCiI,"What is an Autoencoder?"
gHMY40kEXzs,"The Science of Medal Predictions (2016 Rio Olympics Edition)"
a1z6GXj8QK8,"Peer Review and the NeurIPS Experiment"
ZHoNpxUHewQ,"Task-based Animation of Virtual Characters"
1ypV5ZiIbdA,"What is Optimization? + Learning Gradient Descent"
zLzhsyeAie4,"Bundlefusion: 3D Scenes from 2D Videos"
a3sgFQjEfp4,"Photorealistic Images from Drawings"
flOevlA9RyQ,"Visually Indicated Sounds"
FMHGS8jWtzM,"Time Varying Textures"
6rNcAVr-U4s,"Fermat Spirals for Layered 3D Printing"
iTRnr6p7iYo,"Procedural Yarn Models for Cloth Rendering"
ZBWTD2aNb_o,"What Can We Learn From Deep Learning Programs?"
hnT-P3aALVE,"Hallucinating Images With Deep Learning"
JKYQOAZRZu4,"Rocking Out With Convolutions"
1PNhuHa7lS0,"Reinforcement Learning with OpenAI's Gym"
MfaTOXxA8dM,"Image Colorization With Deep Learning and Classification"
heY2gfXSHBo,"Schr√∂dinger's Smoke"
7ymM4cG1zfQ,"Storytime Reading Comments"
-rf_MDh-FiE,"Surface-Only Liquids"
Uxax5EKg0zA,"Artistic Style Transfer For Videos"
wBrwN4dS-DA,"Deep Reinforcement Terrain Learning"
72_iAlYwl0c,"Separable Subsurface Scattering"
SC0D7aJOySY,"Real-Time Shading With Area Light Sources"
5PSWr2ovBvU,"Deep Learning and Cancer Research"
_S1lyQbbJM4,"Face2Face: Real-Time Facial Reenactment"
LhhEv1dMpKE,"Training Deep Neural Networks With Dropout"
nfPBT71xYVQ,"Narrow Band Liquid Simulations"
OV3Xcv42JSw,"No Such Thing As Artificial Intelligence"
aKSILzbAqJs,"10 Even Cooler Deep Learning Applications"
4Y7RIAgOpn0,"The Dunning-Kruger Effect"
jMZqxfTls-0,"From Doodles To Paintings With Deep Learning"
6aF9sJrzxaM,"Overfitting and Regularization For Deep Learning"
0Xc9LIb_HTw,"Decision Trees and Boosting, XGBoost"
ZolWxY4f9wc,"3D Depth From a Single Photograph"
a-ovvd_ZrmA,"How DeepMind's AlphaGo Defeated Lee Sedol"
hPKJBXkyTKM,"10 More Cool Deep Learning Applications"
fpd_wiOsgDk,"5000 Fellow Scholars Special! | Two Minute Papers"
4h0uC9FPVMQ,"How To Get Started With Machine Learning?"
-dbkE4FFPrI,"Interactive Photo Recoloring"
UGAzi1QBVEg,"Deep Learning Program Learns to Paint"
K-0KJtk07YU,"Artistic Manipulation of Caustics"
58tsN03IXlw,"Should You Take the Stairs at Work? (For Weight Loss)"
YPpIWQnufu8,"What is Impostor Syndrome?"
u3C4zkxNtok,"Biophysical Skin Aging Simulations"
AHl2JjGsu0s,"Extrapolations and Crowdfunded Research (Experiment)"
j9FLOinaG94,"Breaking Deep Learning Systems With Adversarial Examples"
IFmj5M5Q5jg,"How DeepMind Conquered Go With Deep Learning (AlphaGo)"
ZaFqvM1IsP8,"What Do Virtual Objects Sound Like?"
KgIrnR2O8KQ,"Simulating Viscosity and Melting Fluids"
eI_QUtgJHH8,"Interactive Editing of Subsurface Scattering"
_r-eIKkyAco,"3D Printing Objects With Caustics"
ImIaoKsjgUE,"Designing 3D Printable Robotic Creatures"
kMa_B3wLxAM,"Designing Cities and Furnitures With Machine Learning"
Bui3DWs02h4,"9 Cool Deep Learning Applications"
B70tT4WMyJk,"Neural Programmer-Interpreters Learn To Write Programs"
zzwCbhI2iOA,"Peer Review #1 [Audio only] | Two Minute Papers"
1aVSb-UbYWc,"Painting with Fluid Simulations"
ziMHaGQJuSI,"How Do Genetic Algorithms Work?"
674DL39dOOQ,"Randomness and Bell's Inequality [Audio only]"
9wOBkJJ-w2s,"Automatic Parameter Control for Metropolis Light Transport"
08V_F19HUfI,"Artificial Superintelligence [Audio only]"
ATN9oqMF_qk,"Are We Living In a Computer Simulation?"
Ih8EfvOzBOY,"Google DeepMind's Deep Q-Learning Superhuman Atari Gameplays"
_yjHPu1aYCY,"Terrain Traversal with Reinforcement Learning"
Q-XKOPNIDAg,"Cryptography, Perfect Secrecy and One Time Pads"
He4t7Zekob0,"How Does Deep Learning Work?"
e-WB4lfg30M,"Recurrent Neural Network Writes Sentences About Images"
iuJwmM2-JWM,"Be a Part of Two Minute Papers on Patreon!"
8xjTtE3JCDw,"Automatic Lecture Notes From Videos"
mkI6qfpEJmI,"Real-Time Facial Expression Transfer"
sSnDTPjfBYU,"Gradients, Poisson's Equation and Light Transport"
Jkkjy7dVdaY,"Recurrent Neural Network Writes Music and Shakespeare Novels"
uj8b5mu0P7Y,"Modeling Colliding and Merging Fluids"
2kOCTf8jIik,"3D Printing a Glockenspiel"
f0Uzit_-h3M,"Metropolis Light Transport"
rskdLEl05KI,"Synthesizing Sound From Collisions"
LU3pdWTD4Rw,"Adaptive Cloth Simulations"
HOLoPgTzV6g,"Creating Photographs Using Deep Learning"
2i1hrywDwPo,"Reconstructing Sound From Vibrations"
SmyiKmfnbhc,"Building Bridges With Flying Machines"
dH1s49-lrBk,"Adaptive Fluid Simulations"
L7MOeQw47BM,"Manipulating Photorealistic Renderings"
kQ2bqz3HPJE,"Digital Creatures Learn To Walk"
kLnG073NYtw,"Hydrographic Printing"
-R9bJGNHltQ,"Deep Neural Network Learns Van Gogh's Art"
UePDRN94C8c,"Time Lapse Videos From Community Photos"
A7Gut679I-o,"Simulating Breaking Glass"
Xf8JUM8g7Ks,"250 Subscribers - Our Quest A Thank You Message"
rCWTOOgVXyE,"Artificial Neural Networks and Deep Learning"
TRNUTN01SEg,"Capturing Waves of Light With Femto-photography"
5xLSbj5SsSE,"Fluid Simulations with Blender and Wavelet Turbulence"
_ZLXKt4L-AA,"Awesome Research For Everyone! - Two Minute Papers Channel Trailer"
Mnu1DzFzRWs,"This Neural Network Animates Quadrupeds"
cEBgi6QYDhQ,"Everybody Dance Now! - AI-Based Motion Transfer"
HvH0b9K_Iro,"This AI Performs Super Resolution in Less Than a Second"
GRQuRcpf5Gc,"NVIDIA Vid2Vid: AI-Based Video-to-Video Synthesis!"
wR2OlsF1CEY,"DeepMind's New AI Diagnoses Eye Conditions"
0xlbzCXJpLM,"Should an AI Learn Like Humans?"
dyzn3Fmtw-E,"This Painter AI Fools Art Historians 39% of the Time"
DuMmcVOsNcs,"These Neural Networks Empower Digital Artists"
UkWnExEFADI,"Neural Material Synthesis, This Time On Steroids"
txHQoYKaSUk,"This Robot Learned To Clean Up Clutter"
kBFMsY5ZP0o,"This AI Senses Humans Through Walls"
6IsIGp1IezE,"Brain-to-Brain Communication is Coming!"
Bv3yat484aQ,"Multilayer Light Simulations: More Beautiful Images, Faster"
F-00NhYUnH4,"This AI Learned How To Generate Human Appearance"
duCQUu8EQVA,"Real-Time Holography Simulation!"
X1cPSvPagNI,"Full-Time Papers, Maybe Someday?"
o-LU_Dja6Ks,"This AI Shows Us the Sound of Pixels"
zL6ltnSKf9k,"This AI Learned To Isolate Speech Signals"
fzuYEStsQxc,"This Curious AI Beats Many Games...and Gets Addicted to the TV"
ozUzomVQsWc,"This AI Learns Acrobatics by Watching YouTube"
CIDRdLOWrXQ,"Building a Curious AI With Random Network Distillation"
V6G717ewUuw,"Can an AI Learn To Draw a Caricature?"
ZKQp28OqwNQ,"BigGANs: AI-Based High-Fidelity Image Synthesis"
q22XWPM0Egc,"AI Learning Morphology and Movement...at the Same Time!"
pc_k-sgUYmY,"DeepMind‚Äôs Take on How To Create a Benign AI"
T8YOzqy7t5Y,"This AI Learns From Humans‚Ä¶and Exceeds Them"
KhP7lTLTipc,"6 Life Lessons I Learned From AI Research"
t_7qpPOmsME,"This AI Produces Binaural (2.5D) Audio"
1ct_P3IZow0,"What Makes a Good Image Generator AI?"
-cOYwZ2XcAc,"None of These Faces Are Real!"
DMXvkbAtHNY,"DeepMind‚Äôs AlphaStar Beats Humans 10-0 (or 1)"
Do_00r8NGMY,"AI Learns Real-Time Defocus Effects in VR"
6fo5NhnyR8I,"OpenAI - Learning Dexterous In-Hand Manipulation"
OwRuzn3RAhA,"Extracting Rotations The Right Way"
lws-2u3LbYg,"Diese KI lernt Bildentf√§rbung..und weiteres"
F84jaIR5Uxc,"AI-Based 3D Pose Estimation: Almost Real Time!"
1gWpFuQlBsg,"AlphaZero: DeepMind‚Äôs AI Works Smarter, not Harder"
pv8Sl2rWyCQ,"Google AI's Take on How To Fix Peer Review"
YFL-MI5xzgg,"Do Neural Networks Need To Think Like Humans?"
QpptSohzuDo,"This Experiment Questions Some Recent AI Results"
iM4PPGDQry0,"GANPaint: An Extraordinary Image Editor AI"
OV0ivJB2lyI,"Liquid Splash Modeling With Neural Networks"
cD-eXjf854Q,"DeepMind: The Hanabi Card Game Is the Next Frontier for AI Research"
C7Dmu0GtrSw,"Google‚Äôs PlaNet AI Learns Planning from Pixels"
dvzlvHNxdfI,"This AI Learned to ‚ÄúPhotoshop‚Äù Human Faces"
luwP75lPExo,"NeuroSAT: An AI That Learned Solving Logic Problems"
-jL2o_15s1E,"Beautiful Gooey Simulations, Now 10 Times Faster"
wEgq6sT1uq8,"A Bitter AI Lesson - Compute Reigns Supreme!"
UoKXJzTYDpw,"Why Are Cloth Simulations So Hard?"
8ypnLjwpzK8,"OpenAI GPT-2: An Almost Too Good Text Generator!"
iKrrKyeSRew,"How Do Neural Networks Memorize Text?"
hW1_Sidq3m8,"NVIDIA's AI Creates Beautiful Images From Your Sketches!"
XSWqLb0VyzM,"Exploring And Attacking Neural Networks With Activation Atlases"
Wxb0jN0X7cs,"How To Train Your Virtual Dragon"
mGHKFMXdjKU,"DeepMind's AI Learned a Better Understanding of 3D Scenes"
dd1kN_myNDs,"AI Learns Tracking People In Videos"
e_9f5Z0sMYE,"Simulating Grains of Sand, Now 6 Times Faster"
tfb6aEUMC04,"OpenAI Five Beats World Champion DOTA2 Team 2-0!"
JJlSgm9OByM,"This Robot Throws Objects with Amazing Precision"
C6nonNRoF7g,"This is How Google‚Äôs Phone Enhances Your Photos"
QPwhEnAILa0,"Should AI Research Try to Model the Human Brain?"
SfvRhqsmU4o,"NVIDIA‚Äôs AI Transformed My Chihuahua Into a Lion"
f9z1I_81_Q4,"DeepMind Made a Math Test For Neural Networks"
goD36hVVl7M,"How Can This Liquid Climb?"
aJq6ygTWdao,"This AI Makes Amazing DeepFakes‚Ä¶and More!"
38ZXwJj6j8k,"All Hail The Mighty Translatotron!"
Y73iUAh56iI,"We Can All Be Video Game Characters With This AI"
pQA8Wzt8wdw,"OpenAI's MuseNet Learned to Compose Mozart, Bon Jovi and More"
S7HlxaMmWAU,"Artistic Style Transfer, Now in 3D!"
thQ7QjqNPlY,"This AI Makes The Mona Lisa Come To Life"
9M18rc9-VWU,"This Jello Simulation Uses Only ~88 Lines of Code"
2xWnOL5bts8,"Rewrite Videos By Editing Text"
kie4wjB1MCw,"Virtual Characters Learn To Work Out‚Ä¶and Undergo Surgery"
hYWr67i8z5o,"AI Discovers Sentiment By Writing Amazon Reviews"
tRHFQHYfAVc,"Better Photorealistic Materials Are Coming!"
xlrGOfvYcQc,"AI Creates Near Perfect Images Of People, Dogs and More"
prMk6Znm4Bc,"This AI Learns About Movement By Watching Frozen People"
OEQf0AtSSsc,"Tighten the Towel! Simulating Liquid-Fabric Interactions"
fcnjHmBcLNQ,"3D Style Transfer For Video is Now Possible!"
u90TbxK7VEA,"This Superhuman Poker AI Was Trained in 20 Hours!"
wVtOuvFlczg,"Augmented Reality Presentations Are Coming!"
CSQPD3oyvD8,"Simulating Water and Debris Flows"
IMZkLVBhcig,"DeepMind‚Äôs New AI Dreams Up Videos on Many Topics"
Jnj7OmmOm2Y,"This AI Hallucinates Images For You"
-ryF7237gNo,"This Adorable Baby T-Rex AI Learned To Dribble"
AOZw1tgD8dA,"Adversarial Attacks on Neural Networks - Bug or Feature?"
qkHK1QdQ2Fk,"This AI Clears Up Your Hazy Photos"
duo-tHbSdMk,"New Face Swapping AI Creates Amazing DeepFakes!"
uVC5WowQxD8,"This is How You Simulate Making Pasta"
zrF5_O92ELQ,"These Are The 7 Capabilities Every AI Should Have"
0OtZ8dUFxXA,"OpenAI‚Äôs GPT-2 Is Now Available - It Is Wise as a Scholar!"
Uk9p4Kk98_g,"Google's AI Plays Football‚Ä¶For Science!"
leoRHsBsv6Q,"Finally, Style Transfer For Smoke Simulations!"
RoGHVI-w9bE,"DeepFake Detector AIs Are Good Too!"
7SM816P5G9s,"Is a Realistic Honey Simulation Possible?"
882O_7hsAms,"AI Learns Human Movement From Unorganized Data"
Lu56xVlZ40M,"OpenAI Plays Hide and Seek‚Ä¶and Breaks The Game!"
nSHU-4Yt4eQ,"AIs Are Getting Too Smart - Time For A New IQ Test"
atcKO15YVD8,"Ubisoft's AI Learns To Compute Game Physics In Microseconds!"
g1sAjtDoItE,"Cubify All The Things!"
Z6iTo7KY7lw,"Can an AI Learn The Concept of Pose And Appearance?"
FZZ9rpmVCqE,"Ken Burns Effect, Now In 3D!"
0sR1rU3gLzQ,"Google's AI Clones Your Voice After Listening for 5 Seconds!"
cTqVhcrilrE,"This AI Learned To Animate Humanoids!üö∂"
9b2dxc1QalM,"OpenAI‚Äôs Robot Hand Won't Stop Rotating The Rubik‚Äôs Cube"
slJI5r9rltI,"This AI Captures Your Hair Geometry...From Just One Photo!"
4J0cpdR7qec,"This AI Makes The Mona Lisa Speak‚Ä¶And More!"
jtlrWblOyP4,"DeepMind‚Äôs AlphaStar: A Grandmaster Level StarCraft 2 AI!"
NlZJlFCh8MU,"This AI Creates A Moving Digital Avatar Of You"
_s7Bg6yVOdo,"OpenAI Safety Gym: A Safe Place For AIs To Learn"
cpxtd-FKY1Y,"These Natural Images Fool Neural Networks (And Maybe You Too)"
O8l4Kn-j-5M,"This Robot Arm Learned To Assemble Objects It Hasn‚Äôt Seen Before"
hYV4-m7_SK8,"MuZero: DeepMind‚Äôs New AI Mastered More Than 50 Games"
SIGQSgifs6s,"Baking And Melting Chocolate Simulations Are Now Possible!"
wsFgrzYwchQ,"This Beautiful Fluid Simulator Warps Time‚Ä¶Kind Of"
eTUmmW4ispA,"This Neural Network Performs Foveated Rendering"
O-52enqUSNw,"Is a Realistic Water Bubble Simulation Possible?"
o_DhNqHazKY,"This Neural Network Combines Motion Capture and Physics"
T7w7QuYa4SQ,"Finally, Differentiable Physics is Here!"
SWoravHhsUU,"StyleGAN2: Near-Perfect Human Face Synthesis...and More"
9IqRdEs4_JU,"Simulating Breaking Bread"
EjVzjxihGvU,"This Neural Network Restores Old Videos"
62Q1NL4k8cI,"OpenAI Performs Surgery On A Neural Network to Play DOTA 2"
Ks7wDYsN4yM,"Neural Portrait Relighting is Here!"
B1Dk_9k6l08,"This Neural Network Turns Videos Into 60 FPS!"
TbWQ4lMnLNw,"The Story of Light!"
548sCh0mMRc,"This Neural Network Creates 3D Objects From Your Photos"
mjl4NEMG0JE,"Can We Detect Neural Image Generators?"
yX84nGi-V7E,"Transferring Real Honey Into A Simulation"
HcB3ImpYeQU,"Deformable Simulations‚Ä¶Running In Real Time!"
-IbNmc2mTz4,"This Neural Network Learned The Style of Famous Illustrators"
bXzauli1TyU,"This Neural Network Regenerates‚Ä¶Kind Of"
3Wppf_CNvD0,"Google‚Äôs Chatbot: Almost Perfect"
eTYcMB6Yhe8,"Can Self-Driving Cars Learn Depth Perception?"
mUfJOQKdtAk,"Everybody Can Make Deepfakes Now!"
-O7ZJ-AJGRE,"Is Visualizing Light Waves Possible?"
higGxGmwDbs,"Muscle Simulation...Now In Real Time!"
VQgYPv8tb6A,"This AI Makes Audio Deepfakes!"
nCpGStnayHk,"This Neural Network Learned To Look Around In Real Scenes! (NERF)"
hFZlxpJPI5w,"Sure, DeepFake Detectors Exist - But Can They Be Fooled?"
bVXPnP8k6yo,"This AI Learned to Summarize Videos"
EWKAgwgqXB4,"This AI Creates Beautiful Time Lapse Videos"
54YvCE8_7lM,"Is Simulating Soft and Bouncy Jelly Possible?"
rGOy9rqGX1k,"What‚Äôs Inside a Neural Network?"
MPdj8KGZHa0,"Neural Network Dreams About Beautiful Natural Scenes"
i4KWiq3guRU,"Finally, A Blazing Fast Fluid Simulator!"
u5wtoH0_KuA,"This AI Does Nothing In Games‚Ä¶And Still Wins!"
9gX24m3kcjA,"Can We Teach a Robot Hand To Keep Learning?"
sTe_-YOccdM,"Two Shots of Green Screen Please!"
ihYsJpibNRU,"Now We Can Relight Paintings‚Ä¶and Turns Out, Photos Too!"
dJ4rWhpAGFI,"DeepMind Made A Superhuman AI For 57 Atari Games!"
qk4cz0B5kK0,"Can We Make An Image Synthesis AI Controllable?"
8GVHuGCH2eM,"DeepMind‚Äôs New AI Helps Detecting Breast Cancer"
b8sCSumMUvM,"Is Style Transfer For Fluid Simulations Possible?"
qwAiLBPEt_k,"This AI Controls Virtual Quadrupeds!"
6oQ0Obi14rM,"OpenAI‚Äôs Jukebox AI Writes Amazing New Songs"
2Bw5f4vYL98,"How Well Can DeepMind's AI Learn Physics?"
oYtwCZx5rsU,"Surprise Video With Our New Paper On Material Editing!"
3UZzu4UQLcI,"NVIDIA‚Äôs AI Recreated PacMan!"
BQQxNa6U6X4,"An AI Made All of These Faces!"
N6wn8zMRlVE,"How Do Neural Networks Learn?"
QSVrKK_uHoU,"Amazing AR Effects Are Coming!"
oHLR287rDRA,"This is Geometry Processing Made Easy!"
wg3upHE8qJw,"Can an AI Learn Lip Reading?"
MrIbQ0pIFOg,"This AI Creates Beautiful 3D Photographs!"
TrdmCkmK3y4,"This AI Creates Dogs From Cats‚Ä¶And More!"
ICr6xi9wA94,"An AI Learned To See Through Obstructions!"
pBkFAIUmWu0,"These AI-Driven Characters Dribble Like Mad!"
nkHL1GNU18M,"Physics in 4 Dimensions‚Ä¶How?"
_x9AwxfjxvE,"OpenAI GPT-3 - Good At Almost Everything!"
fE9BqmJrrW0,"Can We Simulate Tearing Meat?"
u4HpryLU-VI,"From Video Games To Reality‚Ä¶With Just One AI!"
SxIkQt04WCo,"How Can We Simulate Water Droplets?"
qeZMKgKJLX4,"This AI Removes Shadows From Your Photos!"
MwCgvYtOLS0,"TecoGAN: Super Resolution Extraordinaire!"
iKvlOviWs3E,"This AI Creates Images Of Nearly Any Animal!"
-6Xn4nKm-Qw,"OpenAI‚Äôs Image GPT Completes Your Images With Style!"
MD_k3p4MH-A,"Can We Simulate Merging Bubbles?"
5NM_WBI9UBE,"This AI Creates Human Faces From Your Sketches!"
bfuBQp1JmX8,"Can We Simulate a Rocket Launch?"
GniyQkgGlUA,"Can An AI Create Original Art?"
YCur6ir6wmw,"AI Makes Video Game After Watching Tennis Matches!"
T29O-MhYALw,"This AI Creates Real Scenes From Your Photos!"
JKe53bcyBQY,"Elon Musk‚Äôs Neuralink Puts An AI Into Your Brain!"
UiEaWkf3r9A,"AI-Based Style Transfer For Video‚Ä¶Now in Real Time!"
Popg7ej4AUU,"Beautiful Results From 30 Years Of Light Transport Simulation!"
XrOTgZ14fJg,"This AI Can Deal With Body Shape Variation!"
OzHenjHBBds,"Enhance! Neural Supersampling is Here!"
86QU7_SF16Q,"Remove This! AI-Based Video Completion is Amazing!"
5ePD83StI6A,"This Is What Simulating a 100 Million Particles Looks Like!"
2qMw8sOsNg0,"What is De-Aging?"
DxW_kk5LWYQ,"Beautiful Elastic Simulations, Now Much Faster!"
F0QwAhUnpr4,"Finally, Deformation Simulation... in Real Time!"
ooZ9rUYOFI4,"Simulating Dragons Under Cloth Sheets!"
Jy_VZQnZqGk,"This AI Creates A 3D Model of You!"
lLa9DUiJICk,"Making Talking Memes With Voice DeepFakes!"
tWu0AWdaTTs,"This AI Makes Puzzle Solving Look Easy!"
atzPvW95ahQ,"Is Videoconferencing With Smart Glasses Possible?"
vfJz7WlRNk4,"Near-Perfect Virtual Hands For Virtual Reality!"
knIzDj1Ocoo,"This Blind Robot Learned To Climb Any Terrain!"
fPrxiRceAac,"These Are Pixels Made of Wood!"
K940MNp7V8M,"Simulating Honey And Hot Showers For Bunnies!"
BjkgyKEQbSM,"What Is 3D Photography?"
JmVQJg-glYA,"Painting the Mona Lisa...With Triangles!"
tiO43nJKGJY,"Is Simulating Jelly And Bunnies Possible?"
IDMiMKWucaI,"NERFIES: The Selfies of The Future!"
9XM5-CJzrU0,"Light Fields - Videos From The Future!"
C7D5EzkhT6A,"OpenAI DALL-E: Fighter Jet For The Mind!"
nJ86LCA0Asw,"Building A Liquid Labyrinth!"
2wrOHdvAiNc,"All Duckies Shall Pass!"
Aq93TSau8GE,"This AI Learned To Create Dynamic Photos!"
7O7W-_FKRMQ,"Episode 500 - 8 Years Of Progress In Cloth Simulations!"
mb6WJ34xQXg,"This Neural Network Makes Virtual Humans Dance!"
JSNE_PIG1UQ,"7 Years of Progress In Snow Simulation!"
MbZ0ld1ShFo,"Perfect Virtual Hands - But At A Cost!"
o7dqGcLDf0A,"These Neural Networks Have Superpowers!"
ZZ-kORb8grA,"This AI Learn To Climb Crazy Terrains!"
2wcw_O_19XQ,"This is What Abraham Lincoln May Have Looked Like!"
-Ny-p-CHNyM,"Finally, Instant Monsters!"
9kllWAX9tHw,"Differentiable Material Synthesis Is Amazing!"
I04zRq6UlIg,"This Magnetic Simulation Took Nearly A Month!"
lxzGraohijU,"5 Crazy Simulations That Were Previously Impossible!"
B8RMUSmIGCI,"3 New Things An AI Can Do With Your Photos!"
4etSuEQOzDw,"All Hail The Adaptive Staggered Grid!"
dVa1xRaHTA0,"NVIDIA‚Äôs AI Puts Video Calls On Steroids!"
bnm7skt2aYE,"An AI That Makes Dog Photos - But How?"
jjfDO2pWpys,"DeepMind‚Äôs AI Watches YouTube and Learns To Play!"
RUDWn_obddI,"OpenAI Outperforms Some Humans In Article Summarization!"
4CYI6dt1ZNY,"This AI Learned To Stop Time!"
6SJ19OgHi4w,"Soap Bubble Simulations Are Now Possible!"
v5pOsQEOsyA,"Finally, Video Stabilization That Works!"
HNJPasJUGqs,"Do Neural Networks Think Like Our Brain? OpenAI Answers!"
adHjNqh5iGY,"Can You Put All This In a Photo?"
t7nO7MPcOGo,"This AI Makes Beautiful Videos From Your Images!"
rzIiuGrOZAo,"9 Years of Progress In Cloth Simulation!"
_4fL4jnC8xQ,"Is Simulating Wet Papers Possible?"
gfMyGad1Gmc,"5 Fiber-Like Tools That Can Now Be 3D-Printed!"
2jwVDRKKDME,"Burning Down Virtual Trees... In Real Time!"
iXqLTJFTUGc,"AI Makes Near-Perfect DeepFakes in 40 Seconds!"
yc1WpkthV3g,"This AI Made Me Look Like Obi-Wan Kenobi!"
3IFLVOaFAus,"Can An AI Perform A Cartwheel?"
9RzCZZBjlxM,"AI ‚ÄúArtist‚Äù Creates Near-Perfect Toonifications!"
x2zDrSgrlYQ,"Beautiful Glitter Simulation‚Ä¶Faster Than Real Time!"
eksOgX3vacs,"Meet Your Virtual AI Stuntman!"
LtyvS7NYonw,"Beautiful Fluid Simulations...In Just 40 Seconds!"
g7bEUB8aLvM,"Can We Teach Physics To A DeepMind's AI?"
22Sojtv4gbg,"Intel's Video Game Looks Like Reality!"
vx7H7GrE5KA,"Can An AI Heal This Image?"
rSPwOeX46UA,"This is Grammar For Robots. What? Why?"
SEsYo9L5lOo,"Google‚Äôs New AI Puts Video Calls On Steroids!"
2qqDwaZlkE0,"Glitter Simulation, Now Faster Than Ever!"
AGCH1GR7pPU,"Burning Down an Entire Virtual Forest!"
7WgtK1C4hQg,"Simulating The Olympics‚Ä¶ On Mars!"
Lp4k4O_HEeQ,"One Simulation Paper, Tons of Progress!"
jl0XCslxwB0,"NVIDIA‚Äôs Minecraft AI: Feels Like Magic!"
Nz-X3cCeXVE,"This AI Helps Testing The Games Of The Future!"
BpApq2EPDXE,"This Magical AI Makes Your Photos Move!"
VqeNSZqiBzc,"A Simulation That Looks Like Reality!"
1F-WnarzkX8,"Neural Materials Are Amazing!"
0zaGYLPj4Kk,"NVIDIA‚Äôs Face Generator AI: This Is The Next Level!"
_8ExhGic_Co,"DeepMind‚Äôs Robot Inserts A USB Stick!"
8qeCjeJTnvI,"Is This Simulation Wrong?"
-4M-xoE6iH0,"This AI Creates Dessert Photos...And More!"
G00A1Fyr5ZQ,"New AI Research Work Fixes Your Choppy Videos!"
eQRZ7FUkwKo,"Simulating Bursting Soap Bubbles!"
iZA9bl-t6J4,"Virtual Bones Make Everything Better!"
uuzow7TEQ1s,"DeepMind‚Äôs AI Plays Catch‚Ä¶And So Much More!"
lCBSGOwV-_o,"This Magical AI Cuts People Out Of Your Videos!"
SsJ_AusntiU,"This AI Learned Boxing‚Ä¶With Serious Knockout Power!"
UrB-tqA8oeg,"This AI Helps Making A Music Video!"
_9Bli4zCzZY,"This AI Creates Virtual Fingers!"
6hkiTejoyms,"Watch Tesla‚Äôs Self-Driving Car Learn In a Simulation!"
81rBzfbFLiE,"OpenAI Codex: An AI That Writes Video Games!"
HnkVoOdTiSo,"Can An AI Design A Good Game Level?"
rawsSOLNYE0,"This AI Makes Digital Copies of Humans!"
CfJ074h9K8s,"The Tale Of The Unscrewable Bolt!"
ogL-2IClOug,"NVIDIA‚Äôs New Technique: Beautiful Models For Less!"
ZDItmrqfxwI,"This AI Stuntman Just Keeps Getting Better!"
t33jvL7ftd4,"This AI Learned Some Crazy Fighting Moves!"
IXqj4HqNbPE,"3D Modeling This Toaster Just Became Easier!"
ia-VBSF4KXA,"This New Method Can Simulate a Vast Ocean!"
9L5NqNDZHjk,"Finally, Beautiful Virtual Scenes‚Ä¶For Less!"
BS2la3C-TYc,"This Image Is Fine. Completely Fine."
VMCYRCCqR5Q,"This AI Learned Physics...But How Good Is It?"
M2QJ9iyGQ48,"Watch This Virtual Dinosaur Fall Into A Cactus!"
Mrdkyv0yXxY,"Is Simulating Tiny Cloth Wrinkles Possible?"
QR5MFQnZM3k,"NVIDIA‚Äôs Stretchy Simulation: Super Quick!"
Y6ezNI0Idsc,"Watch This Statue Grow Out Of Nothing!"
WCAF3PNEc_c,"Google's Enhance AI - Super Resolution Is Here!"
dZ_5TPWGPQI,"New AI: Photos Go In, Reality Comes Out!"
ReBeJcmIlnA,"Virtual Reality Fluid Drawing Is Here!"
qeSoAbJoi7c,"Can A Virtual Sponge Sink?"
3wHbeq61Wn0,"Man VS Machine: Who Plays Table Tennis Better?"
8YOpFsZsR9w,"Simulating A Virtual World‚Ä¶For A Thousand Years!"
zDTUbtmUbG8,"This AI Makes Celebrities Old‚Ä¶For a Price!"
KZhoU_3k0Nk,"Finally, This Table Cloth Pull is Now Possible!"
d3njVfnCdN0,"From Mesh To Yarn... In Real Time!"
MrKlPvWvQ2Q,"NVIDIA‚Äôs New AI: Journey Into Virtual Reality!"
EFiUalqhWDc,"Yes, These Are Virtual Dumplings!"
szOMIn0YyUM,"Ubisoft‚Äôs New AI Predicts the Future of Virtual Characters!"
B-zxoJ9o7s0,"Google‚Äôs New AI: This is Where Selfies Go Hyper!"
wXaVokqhHDk,"Microsoft‚Äôs AI Understands Humans‚Ä¶But It Had Never Seen One!"
mFnGBz_rPfU,"New AI Makes You Play Table Tennis‚Ä¶In a Virtual World!"
S-Jj3ybaUNg,"This New AI Creates Lava From Water!"
55PJtqpXAm4,"Stanford Invented The Ultimate Bouncy Simulator!"
yptwRRpPEBM,"Photos Go In, Reality Comes Out‚Ä¶And Fast!"
MCq0x01Jmi0,"New AI: Next Level Video Editing!"
Wbid5rvCGos,"NVIDIA‚Äôs New AI Draws Images With The Speed of Thought!"
0ISa3uubuac,"Opening The First AI Hair Salon!"
v8n4JEMJrrU,"Wow, A Simulation That Matches Reality!"
uBGY9-GaSdo,"Adobe's New Simulation: Bunnies Everywhere!"
b2D_5G_npVI,"Next Level Paint Simulations Are Coming!"
WAuaCBmHa3U,"Can A Goldfish Drive a Car? Yes! But How?"
ItKi3h7IY2o,"OpenAI GLIDE AI: Astounding Power!"
DTqcPEhSHB8,"Adobe's New Method: Stunning Creatures... Even Cheaper!"
eaSTGOgO-ss,"NVIDIA‚Äôs New AI: Superb Details, Super Fast!"
j8tMk-GE8hY,"NVIDIA‚Äôs New AI: Wow, Instant Neural Graphics!"
QrsxIa0JDi4,"These Smoke Simulations Have A Catch!"
9JZdAq8poww,"Is OpenAI‚Äôs AI As Smart As A University Student?"
v9aOsn8a-z4,"Is Simulating A Jelly Sandwich Possible?"
xpqMmmUkc_0,"This New AI Can Find Your Dog In A Video!"
KeepnvtICWo,"NVIDIA's Magical AI Speaks Using Your Voice!"
x_cxDgR1x-c,"DeepMind's New AI: As Smart As An Engineer... Kind Of!"
XM-rKTOyD_k,"This Blind Robot Can Walk...But How?"
FYVf0bRgO5Q,"DeepMind AlphaFold: A Gift To Humanity!"
e0yEOw6Zews,"NVIDIA's New AI: Enhance!"
cwS_Fw4u0rM,"This AI Creates Beautiful Light Simulations!"
8AZhcnWOK7M,"Waymo's AI Recreates San Francisco From 2.8 Million Photos!"
qtOkktTNs-k,"Adobe‚Äôs New AI: Next Level Cat Videos!"
PmxhCyhevMY,"OpenAI‚Äôs New AI Thinks That Birds Aren‚Äôt Real!"
cS4jCvzey-4,"NVIDIA's New AI: Next Level Image Editing!"
X3_LD3R_Ygs,"OpenAI DALL-E 2: Top 10 Insane Results!"
yl1jkmF7Xug,"NVIDIA's Ray Tracing AI - This is The Next Level!"
YNY_ZEuDncM,"This New AI is Photoshop For Your Hair!"
zxyZSxnTrZs,"DeepMind‚Äôs New AI Finally Enters The Real World!"
-t-Pze6DNig,"NVIDIA‚Äôs Robot AI Finally Enters The Real World!"
L9kA8nSJdYw,"DeepMind's New AI: A Spark Of Intelligence!"
CFT-2soU508,"DeepMind‚Äôs New AI Learns Gaming From Humans!"
5j8I7V6blqM,"NVIDIA‚Äôs New AI Grows Objects Out Of Nothing!"
aPiHhJjN3hI,"DeepMind‚Äôs New AI Thinks It Is A Genius!"
ayuEnJmwocE,"This AI Makes You A Virtual Stuntman!"
N-Pf9lCFi4E,"Google‚Äôs New AI: Flying Through Virtual Worlds!"
MUDveGZIRaM,"NVIDIA Renders Millions of Light Sources!"
lbUluHiqwoA,"OpenAI‚Äôs DALL-E 2: Even More Beautiful Results!"
D0vpgZKNEy0,"Google‚Äôs New Robot: Your Personal Butler!"
HyOW6fmkgrc,"Google‚Äôs Imagen AI: Outrageously Good!"
mtkBIOK_28A,"OpenAI DALL-E 2 - AI or Artist? Which is Better?"
8hXsUNr3TXs,"DeepMind Takes A Step Towards General AI!"
imuarn1A6p8,"NVIDIA‚Äôs Ray Tracer: Wow, They Nailed It Again!"
a0ubtHxj1UA,"Google AI Simulates Evolution On A Computer!"
MO2K0JXAedM,"NVIDIA‚Äôs AI Nailed Human Face Synthesis!"
19gzG-AsBNU,"Watch This Dragon Grow Out Of Nothing!"
Q9FGUii_4Ok,"OpenAI DALL-E 2 - Top 10 Best Images!"
1kV-rZZw50Q,"NVIDIA‚Äôs New AI Trained For 10 Years! But How?"
fVrcBY0lOWw,"Finally, Robotic Telekinesis is Here!"
QqHchIFPE7g,"NVIDIA GTC: When Simulation Becomes Reality!"
5LL6z1Ganbw,"NVIDIA‚Äôs AI Plays Minecraft After 33 Years of Training!"
XgdgSHweBUI,"Google‚Äôs Parti AI: Magical Results!"
W1UDzxtrhes,"NVIDIA‚Äôs Ray Tracer - Finally, Real Time!"
TW2w-z0UtQU,"OpenAI‚Äôs DALL-E 2: Top 5 New Results!"
fJn9B64Znrk,"OpenAI‚Äôs New AI Learned To Play Minecraft!"
JkUF40kPV4M,"Samsung‚Äôs AI: Megapixel DeepFakes!"
7iy0WJwNmv4,"Google‚Äôs New AI Learned To See In The Dark!"
6-FESfXHF5s,"Microsoft's New AI: Virtual Humans Became Real!"
ICQIx_C8mHo,"Is Google‚Äôs New AI As Smart As A Human?"
uboj01Gfy1A,"Microsoft‚Äôs New AI: The Selfies Of The Future!"
FCf8OA4GPvI,"OpenAI‚Äôs DALL-E 2 - AI-Based Art Is Here!"
jRMy6lxlqjM,"A 1,000,000,000 Particle Simulation!"
nVhmFski3vg,"Stable Diffusion: DALL-E 2 For Free, For Everyone!"
_Y1-KlTEmwk,"Google‚Äôs New AI: Fly INTO Photos!"
G7gdOPEd6mU,"DeepMind‚Äôs AlphaFold: 200 Gifts To Humanity!"
lj8qofm4n4o,"NVIDIA‚Äôs AI: Amazing DeepFakes And Virtual Avatars!"
bVxS9RXt2q8,"NVIDIA‚Äôs New AI: Beautiful Simulations, Cheaper!"
NnoTWZ9qgYg,"Google's New AI: Dog Goes In, Statue Comes Out!"
xYvJV_z5Sxc,"Google‚Äôs New Self-Driving Robot Is Amazing!"
H-pTZf1zsa8,"Google‚Äôs New AI: Fly INTO Photos‚Ä¶But Deeper!"
XW_nO2NMH_g,"Google's AI: Stable Diffusion On Steroids!"
8NAi30ZBpJU,"Wow, A Simulation That Looks Like Reality!"
wqvAconYgK0,"Watch NVIDIA‚Äôs AI Teach This Human To Run!"
NRmkr50mkEE,"Ray Tracing: How NVIDIA Solved the Impossible!"
L3G0dx1Q0R8,"Google‚Äôs New AI: DALL-E, But Now In 3D!"
VxbTiuabW0k,"Intel‚Äôs New AI: Amazing Ray Tracing Results!"
Ybk8hxKeMYQ,"Google‚Äôs New Robot: Don't Mess With This Guy!"
YxmAQiiHOkA,"Google‚Äôs Video AI: Outrageously Good!"
k54cpsAbMn4,"NVIDIA‚Äôs Amazing AI Clones Your Voice!"
bT8e1EV5-ic,"Stable Diffusion Is Getting Outrageously Good!"
hPR5kU91Ef4,"Google‚Äôs New AI Learns Table Tennis!"
eM5jn8vY2OQ,"OpenAI's DALL-E 2 Has Insane Capabilities!"
nE5iVtwKerA,"OpenAI‚Äôs Whisper Learned 680,000 Hours Of Speech!"
--ZXFpt2S1E,"Crushing 1,000,000 Particles With a Hydraulic Press!"
Dt0cA2phKfU,"Ubisoft‚Äôs New AI: Breathing Life Into Games!"
263vx1g52eM,"OpenAI‚Äôs New AI: Video Game Addict No More!"
shy51E-MU8Y,"NVIDIA‚Äôs New AI: Generating 3D Models!"